0,1,2,3
0.32388554488582716,-1.6833251749837372,0.5268604347861494,1.8587912158310405
-0.5484194522824829,-0.2793972876747482,-0.021298986263643675,-0.2879902370798056
0.08917459883638042,0.5228577345255132,0.572796449079948,-1.760371691417748
1.1281794045307325,1.5686061973793457,-0.34227714460214215,-0.009813002783684745
0.053071770126631924,-0.04194344562611328,-1.69431249114092,-0.36238084402103643
1.1274526176338482,2.1838301491169645,-1.186622781735683,0.33426969534551093
-1.0283888066138924,-0.1684955778219323,-0.9989483568163385,-1.5311513550102103
-1.0791110806468587,-1.0977318968596472,0.40514755728662205,-0.22722818913687629
-1.442792146272016,-1.4225753278726014,-1.1231648091997162,0.21620538391559188
-0.4598492884580885,0.33339170648945415,-0.25474226200010114,-0.44830137417884597
-1.2613437948316488,1.1651478081802151,-0.6212492355151584,-0.7993184949486715
0.777233325779349,-0.6129047387554831,0.3164466536444212,0.8382952235672698
-1.0344231567649538,0.43430403776976295,-2.2131332544824405,0.7580403401343445
0.5539326419062068,0.33923071994873316,-0.6887562903020654,-0.8155260276212386
-0.33242015049676155,2.406482718686911,-1.361428015153075,-0.6696185723068546
0.7811988723792849,-0.39581339365739787,-0.1807367300610336,1.337508105500641
-0.4165837548905793,0.32931337291952506,-0.7325988876444868,0.137888777433695
-0.7196718659748288,1.9276402671254935,-0.31581311322219124,-1.8693406496041975
-0.4285789824187295,-0.01790516942058047,-1.7202848636444732,0.01086672003013263
0.8241695852956898,-0.4891796491665807,1.8324924138024488,1.6586684314372162
0.4541045919382524,-0.1949639457119035,-0.9769140629273709,-0.29608825194074695
-0.5812743933758749,-0.019940934088955954,-0.03810013932653776,1.192629551379429
-1.09812699161463,-0.632914509189247,0.8024141316305542,-0.06506074411290058
-0.15420795950075522,0.9219082128829019,1.9564631969903632,0.37970632147507044
0.2707798643305771,-1.127072697224357,0.5259621528856689,0.5902750248118974
1.139095708126459,0.05485406554527922,0.5500778996179285,0.1603805190371729
0.16030125087441843,-0.7128995684849065,-0.30827170130721215,0.31763528743530867
2.4588419083547013,-0.878777027360544,0.8506844491706907,0.20585530538998936
0.30300457163123395,-0.22595889862895566,1.905454993104196,1.4966941687099358
0.13396137961669535,-0.5036574798818724,-0.6110422465751565,0.04604938919445796
1.0061659763082378,0.9305685177180792,-0.17033098601633942,-0.5956486763204879
-0.4638418756266579,-1.2541568861048558,-1.0777469559904629,-0.6084623152641483
0.1099700704947718,-0.07654191219971057,-0.4690087464198401,0.2668389887175178
-1.848271511199726,-1.0802485299635505,0.0029389662212737956,-0.6300887542529402
-1.0956660513265015,0.579815114549768,0.33216448684699634,-1.27272770965669
-0.6733188639874179,-0.5110046548234437,-1.4892982428471164,0.6677370096442736
-1.8229459136271147,0.8411774403311438,0.3982744702973536,-0.997763141990877
0.8727287020929161,-0.5599015410049966,0.33081970443858305,-1.018378894713422
-0.34278722998915784,-0.32067540840336456,-0.40867536022950757,-2.4315938738264924
0.5338105031328313,-0.5061667458820099,-0.4675668165951076,-0.8043004615746706
-1.6236691589857473,-0.10566352141920853,-0.5461951479163825,2.013067164226367
-0.543724708732322,-0.6541471472216288,-0.49637571255066765,-0.07642945627195526
1.2086788858302022,1.0528605892663525,-2.07713284216745,0.17763757694611615
-1.6797719873180266,0.49999346740126854,-1.3828909321163407,0.16375502428338173
-1.2652040315173034,-0.284329817606118,-0.3729041927491716,1.2451731135049158
-2.237110549043621,-0.5708235767335672,1.3712445504249227,1.1620206015973749
0.6064807149572794,0.26451331820564117,0.35170027690538813,0.4824367619097513
-0.08410988900060155,-0.49784311479644106,-0.7208057357110177,-0.16507051831518152
-0.40343503356139926,-0.7121094637849158,0.12510682057148845,-0.11361665814823758
-1.3530653805037087,-0.8309715565606614,0.3651900550896663,-0.5447362875295095
0.9779493712335935,-0.25638246500579775,0.5107833030913369,0.7202830143990433
0.38087668011199965,1.0034006923681555,-2.315554889424002,0.4572463297731965
-0.02590670596760782,-3.399311818813086,-0.9746571187768776,-0.6853123615929004
-0.6458581191794703,-0.030759271534313567,-1.011517476724017,-0.12265469385244264
-0.4385172102745039,1.2135857735026259,-0.6380358310494055,-0.373945257925326
-0.053432212590419574,-0.10460757498681231,0.39381055080636596,-0.1320374495509989
-0.529249663255822,0.30354974886898556,-0.8896044245392607,-0.17334601820241732
0.6433016265905567,-1.2540077272340078,0.11724758044530932,0.8665436814940323
1.0794638354239057,-0.39747486560714074,1.4875059882552006,0.5580114602604326
0.614350469232891,0.42796425066241706,-0.2719589851639833,0.7387587421130928
-0.5080702782009607,1.315273121500779,0.44593032046004305,0.5731917532605348
0.19326152246565054,0.4429243131233188,1.279619040470275,0.5750083569135133
0.43393614686874493,-0.7657941372440119,-1.2370232479026475,-0.5367224185440369
1.8545370525505802,-0.9200051166358174,-0.10820171190538237,0.15249663852017092
0.9434934622840141,-1.0952645215221424,-0.1440281895666027,1.95623208180897
-0.2911721889724141,0.10478588628947229,0.13956821411718195,-0.28407916120005317
-0.7081955582772851,2.4632379374040045,0.21745299249511812,-0.01055956266882628
-0.006044699477823884,0.4900938065989767,-0.27718595617251857,-0.707213320727081
-0.5601068310548315,2.735527185738557,0.9273347049619073,1.5139062747056717
0.5385996089172791,1.2737680459340732,0.6678761616398176,-0.9692059101982233
1.6760913371271506,-0.8176494217399195,0.050188283639954846,1.9513121412942096
3.2603830722977367,0.9633008644069904,1.201206431785048,-1.8520009153592027
2.406778458070245,0.8411759005049183,-0.7491811929056094,-2.9897409897464446
-1.2952894366161078,-1.6901947551583145,2.628440772546602,-0.42458647160731033
-1.3143716196707382,-0.010592558684615165,-0.497174931599265,0.9640206646130017
-0.7058326570952623,1.6856648936872993,-0.927844121692908,-0.40484021030158873
-0.1374092350365949,-0.42200004147319414,-2.0416955159861305,-0.318637201076717
0.4410125884875498,-1.0245997839481034,0.5610554764484031,-0.06150396785944884
1.4412451106968724,0.8655935585114336,-0.4419807483956219,0.5079209196998504
-1.1221336007342997,-0.5163779241545572,0.7184090606072365,-1.9297764576212835
2.5279389378083343,0.7313700478540233,0.7442358294612623,-1.8011794269395296
0.3998810077631141,-0.3770000532620108,-1.781236797738275,-0.2722024874019431
-1.0202317179486313,0.4027902742260336,1.554831303857509,0.7561814982833381
1.3568658808143559,-1.1653858666168235,-1.1355790471154446,-1.4748962963124974
0.6182836067528279,0.44227095452331316,-1.3269624544267575,0.9270452846001617
-0.11557173322713472,0.9434787618199448,-0.34936569072873225,0.5304118611771492
-0.508723972480755,0.23064346837513225,-0.06556936391165792,-0.2487174625759745
-0.5871359088093939,-1.0223237251136816,1.0606606414941073,0.9547683175942493
-0.5118235071777187,-1.3876804963237148,0.7679024677820947,-1.1644901973045272
1.5270698375305105,0.28754244422357017,0.7153593028521247,-0.34580534812374114
0.47088619465831405,-1.121514682760948,-1.5443647592587044,1.720513352771193
-0.1717239538157595,-0.82784018678132,0.37054771775091294,-0.6741671792564371
-1.7123401960128561,-0.7381512336938111,0.39181252384921766,1.7634030498168507
-0.05462969173449708,-0.6565057670759301,-1.5500867426489322,-0.04434660006885437
0.6814697928519314,-0.9537260912730503,-1.8570162639430887,0.4494953144031971
-0.061732193308126654,1.233914423702313,0.7058296068545108,-1.309077045764461
-1.5373797312591853,0.5315508681717009,2.047572882623976,0.4466911931926018
-0.22355627585855345,0.09283476203116768,0.716075542592471,0.6571979091482407
-0.066748092261104,0.8386391292213039,-0.11738821325128061,-0.5177945281201896
-0.11669576722433438,2.389644732139017,-0.9324535219685751,-0.22933050463421178
-1.140330144671412,0.43991961780346633,-0.8237575522065326,-0.5209299980012358
0.3502819265715335,0.2043953378299412,0.13344533119101262,0.32790460827355883
0.07215314329563904,0.13167762016676968,-1.297459241287745,0.9977468532899997
0.8709549465978447,-0.9912529081189426,0.15169869379448317,1.26615135247138
-0.20246862780798056,0.050717579601496664,0.6398693920865427,0.5975942355387064
-0.7972460345122215,0.47287928731079576,0.5223561005818717,-0.5463483006095675
-0.7335368352539391,1.302736120439334,0.02219856688282319,0.3642872567618452
-0.9228385951670001,0.31265579068302946,-1.1284969771573732,-0.3334879805461934
-0.5145506853435596,-0.5597819201464295,-0.7834077374113099,-1.79768493262387
-0.17266963989994272,0.6802151731379431,1.6075783514078217,0.20038053495185332
-0.834067749521168,-0.3029877852745316,1.6632606992883026,-0.9962057566598216
1.521759815133961,0.24417505470283227,0.4233307303072892,-0.6540401444711718
2.089154411228911,-0.06021962930328597,-0.16793263086035778,0.631634182484443
-1.5943130286263614,-1.5199365040704904,1.1087523332100306,1.255852597337816
-0.024329718844856175,-2.047939266201714,-0.2726566922235306,-1.6926153908142612
1.4238301686340928,-0.4078896939609916,0.7563320752451483,-1.288601754210861
0.8675343388761709,0.5752830573454664,0.30420521461744215,1.8145821879375779
1.634858270200565,-1.6456926440966195,-0.4071641129345114,-0.25276535567033487
-0.8945895858588531,0.9558424697903954,-1.6539838716079107,-0.26252761298955407
-0.9760940766740774,-1.493406574596423,1.167857761458625,0.9690011429023202
-2.5364872870975153,0.3627543238422351,-1.1961459853293885,1.6369738502284765
0.2513430923893344,1.6246231123068315,-0.24056736812748822,0.16305211491641855
-0.5866691833190134,0.41461462952403677,0.4271854920696032,1.1725573341867215
-0.35157238669457946,1.4545926033398475,2.0433189955121445,-1.7493090552036583
-0.38723486081393005,-0.20807404595518653,-1.2219569263643029,-0.06745954636160709
0.2290053509274179,-0.5762338693132742,0.816895411691341,-0.7721923069498081
-1.3335758604808325,-0.3091192351194809,0.0285581723609935,1.129604873720607
-0.374173328104077,-0.011401127155594326,0.2729242586687072,-0.6015444359409958
0.5742646341816587,-0.19411549780787596,0.2022245803589834,-0.5051240838771985
2.954439459082416,-2.6302469438769465,-0.3524530309302063,-0.477807744992254
0.16159444043585866,1.686832820380645,0.8219648159342301,-0.6674057126061648
0.46848913539309284,0.9663425958721996,0.5204428161778183,-0.11890487432778755
0.03349834231756872,-0.22558460064875102,0.10573748128429611,0.3032409791389972
-0.1956863725774185,0.764936207251164,-0.4498377633782133,1.0381243967493796
1.5731827559466645,1.2828918405274403,0.28097066090631345,-0.8920360628290398
0.517564498958876,-0.007852059875464286,-1.638806204762846,1.4012268940920711
1.7585392482854492,0.6289321730227263,-0.4237761916138004,0.7897399824137066
0.9375676330687631,-2.2532942767741377,-1.772918532096302,-0.8964306172612252
0.6772629301570281,0.036503409828220465,0.08710173843100943,-0.04666212907788071
0.9272375663674872,0.4822844355131618,-0.8671304494589569,0.49384134821228315
-0.15543413612689785,1.397285983418715,1.5070545995098334,-1.1794424077851517
0.4431713414652104,1.3956757769288053,-0.5296584160988497,0.7873579952799602
0.24884477352648612,0.7432391819050673,1.2677464554178504,1.302395491695887
-0.2721537251485014,-0.051531799393903864,-0.46774031099134084,-1.0408162439375843
0.426418626987694,0.3129452632701206,-1.115688833099342,1.2342966793581849
-1.893094039582369,-1.6616054328778356,-0.0054767679881433115,1.1022061084344237
1.0134960924140004,2.2687990866569554,0.14632578178842465,0.5083907604145508
-0.19671259966710924,-3.7453558773311113,-1.5201132797580468,-0.34683926100493634
-0.6969181625019453,1.3073307254776136,-0.6836406918193854,1.0979879008299012
-0.37656085088539437,1.188137059055024,1.7934255048169083,1.2979002990309896
0.8177269280250522,-0.3342959379509233,-1.5650768911878477,1.4231516693312483
0.8407839497284114,-1.4781466200742157,0.8435028968059017,-0.33864632011145995
0.8985928700883752,0.3007528326207078,-1.4509439289198702,0.48764813316507066
0.5528343231642728,0.651965302851585,-1.7465301846915913,0.8359965545029714
-0.5116826866009951,-0.16218283191310437,1.1640549171981522,-0.6731250997032087
1.4592417519035195,2.3770204391808614,-0.951007655664114,-0.26621874948399304
-0.6096567154913602,-0.2688365059939249,0.1955920210543654,0.8597899257638926
-0.26320630085365176,1.141350439909072,-0.10193670657296677,-0.07666007839663941
0.12083715547394087,1.0766066836143648,0.434200163579334,0.056432149908337864
-0.3788898417220912,0.047830570739014325,0.3416259761638341,1.5679197043902442
-0.04761948058881669,-0.821824804211142,-0.17932973178149536,-0.16667529789280158
0.3332193296020412,-0.5446149424303115,-0.6536348102973488,-2.311025955179744
1.6122701663297356,-0.806614478087133,0.5578842984018901,0.5802010424566084
-1.2058166572632476,0.02658217970743029,0.5027167118839979,1.5432224429295414
0.8876205447356112,-2.04352445162921,-0.809157489033561,-0.4356840411002706
2.1848102053878082,-1.0784188458220794,2.2132624902585545,0.4471938539950634
-0.0994468944815477,-0.5739919980605656,1.7278339500434277,-0.3516265071210256
0.6138416441978338,-0.19082461907847456,-0.9804108624368398,-1.7315646579352073
0.18355462686085863,-0.3848653123656311,-1.2063472684818453,-1.9203611017167221
0.02045926170191375,-1.3500489441109567,0.41106095357510014,1.5927834405825805
1.9091333705391893,1.7552139563715903,-0.2718145079798729,1.29000765048177
-0.23223911367652786,0.4286829400897669,-0.7230388520939101,0.39067672735490133
1.6596819141791945,0.873921079596193,-1.1802119093655163,-0.20888461570317765
-0.5496709049491689,-1.252879956229946,-1.2767608267923956,1.881156345767687
1.1082267590657757,-1.751993829467467,-0.9738988453701949,0.9087316054053692
-0.509226169504776,-1.0234000372267096,-0.41227330112141825,-1.0730385345995113
-0.6014106165854575,0.22217831014368894,0.9493626024087554,0.7041861977188089
-1.3589636010378179,1.1484745394832063,-0.1618726821216159,-0.627425919112852
0.6176118088279482,-1.4490284785947183,1.0110902667968853,-0.5998014647245059
0.8627753600005387,1.6618328050443976,-0.8506883783893229,0.20783036924968054
-0.1271876314982766,0.27947662160158726,0.7187293084534027,-0.5315612098223396
-0.8802474247325398,-0.37687218882011014,-1.1576816449137293,-0.12563243868663637
-1.4022354176525111,2.4246670560265087,-1.9560423972831285,-0.8973390649404053
0.9896151061570138,1.096456088547759,0.45431863793828897,-1.0182800015476645
2.2382369417320653,0.40625356686741765,1.295959831407578,0.46900211847379414
-2.1953254854143136,-1.221724950737218,0.9634135531369034,0.10734138175277627
-1.2554651765024054,-0.5347393613540544,0.9595060423948915,-0.8072007767284537
-0.0053543275128390255,0.17524232404692375,1.8402409488640321,-1.8222331454423162
-0.374730328231512,1.765640432627179,-0.21461163626834656,-0.3093154762888435
0.3591240164100568,0.7872222257915072,-0.2997186464277904,-0.5019402251224189
0.2387678161964289,0.1881890522899749,-1.1183273998203969,0.386219829421899
0.22412262455062848,-1.3591837781223945,1.093890145153035,-1.254318682519854
-2.925112770612588,0.6545776030266915,1.2272450420706238,0.4011701799126594
-0.4087962385093361,2.152571963193328,-1.9719407136417508,-0.5828107847384366
-0.6830335287807945,-0.21418495754909445,-0.670406739944898,0.0963111973040966
-0.8619003564934263,1.1201025797743704,1.4214394902232506,-0.07946444112434721
0.5991156629245997,-0.5809290871118152,1.6360525080044166,1.8127499195137167
-0.761389847367225,-0.568127852006214,0.3944733729913502,1.0697291009253438
0.9527901218362786,-0.5374734651177141,1.3209923609648946,0.15334158130843753
-2.0842305759701545,0.17749115955563435,0.11924019821558168,0.7482001055892764
0.48774488359423324,-1.6558684704554358,2.1355467900553924,-0.722338264449306
1.0591546340096203,1.2324524680878481,0.17585587470095126,-0.5501095494379792
1.2341932122836647,-0.23562893238057833,1.1323092773309558,-0.228211072621058
-1.4083388182323737,-0.006248495252044404,-0.558358645965874,-0.45834407037042185
-1.9446670525937548,1.6708353975277679,-1.916199822558659,0.12816092261480275
-0.8237712384169664,0.8176927677472602,0.38121912216095893,0.16814839343672888
-0.22101030583179213,-1.354403007375326,0.6440065066349198,-0.20134231219731355
1.0190511061802985,0.2119941350635085,-0.3712108787327186,0.8459826279748295
-0.32334335900658145,-0.13844925268860406,0.7217519963053605,0.5016541152022538
1.0865205998398488,-0.15278248833443048,1.3449437292217725,-0.4040580757597282
-0.1385263744087233,-0.4777312769264865,-0.7957270626342361,0.006938478401292863
-0.1721710874272524,-0.4357308250719897,-1.3786777549181815,-0.28987669201948935
0.23901769170329779,1.6094455867431299,-0.28387611184565853,-1.323764690965107
0.3431840837084292,2.0942590463685087,0.11231805851797819,-0.26797168396368903
0.7836872105839874,0.40895378232805446,-0.11758985291064263,0.282901633728985
-0.10418724832144692,-0.45092427424335263,0.3962294088383883,1.9853029745121638
-0.7380468538227261,-1.4309187892791309,0.46472130186879235,2.074345468046565
1.0459772981508701,1.3968507121295115,-1.2672298415994152,1.5075109250564724
-2.064110886446809,0.3616810294882818,-1.230716974421534,-0.22112768069391206
1.2277900403691624,1.3877219587546679,-0.3449507919673422,0.44690970610009434
0.2730774678250168,-0.1495034280387088,-0.7021920743763771,1.5313631331127586
-0.24574270166729695,0.9245967586739533,-0.9957411079525925,-0.14722934302131652
0.8915459026685242,-1.1796764442853283,1.1074327638389867,0.6638116425355353
-0.7403415422227781,0.4263396360074334,-1.2763436020148753,0.6274455681929614
-0.24374777131596118,0.32141466842796246,1.018042673297485,0.41894807852633076
-0.7653816139075135,-0.7535502584548167,-0.039619350127103825,0.16683488576942887
1.5005647874631922,0.2579904700046395,-0.12946121051514792,-0.3282302996408133
0.670121167704627,-0.2938166834765363,0.5256103010662628,-0.9033543129460809
0.1842159667231356,-1.0262125667024857,0.4074922717717254,0.8121041438271885
0.6663499813588897,0.5981343053760556,0.3843376571920926,-0.08629124661392229
-1.4421036364136803,0.4001343781565067,0.22203417442924142,-0.13309626014461662
0.39672306586812406,1.104566140846132,-0.5016845522012354,-0.43834066449777476
0.49934674031931287,-0.2647951248754862,-0.3262877166846634,-1.143084901037094
-0.7115991159297722,-0.6992314752022697,-7.546003673659461e-05,0.826396764031836
0.7189892777798852,0.40627299000928424,0.6533705299761183,-1.1118950930670033
1.5482053796544646,2.24246484081099,-1.047998600432863,0.6969949206691666
-1.4304678628120622,1.0088344356504826,0.32776618967871607,1.1513614370775844
0.0012425423668628011,1.0578577954865314,-1.6333721663576086,0.45178047616237144
-0.4187897978687128,-1.8258481042294152,0.6772463891373677,-0.08196776302714184
1.5613952003311795,0.9459662704293573,-0.5930338294347554,0.5256002698444678
-1.964904528392049,-0.032705172862477074,1.2749039199727707,0.012284490905606398
-0.2757399610121339,-1.9638449314792774,-1.790473890371689,0.6317928957556077
-1.4480940192538414,1.838239833381296,0.3013192468137328,2.104379388930829
-0.819086904235739,0.9479383721494503,-1.0337696176536122,1.5380922085550062
-1.842070694064889,-0.1770183563587114,-0.11905923211673801,0.6510718803004371
1.2695363457893458,-1.3414932957556203,-0.2933328834751476,-0.2424589014124008
-3.0569897413426723,1.9184030171964936,-0.5788276942638657,1.8474462567090522
0.4537392736575267,-0.30245024350453414,1.4025576867087972,1.2123543771949996
-1.6134741700587445,-0.5739664197089439,0.42489409402525624,1.2575444662728938
-1.0653425495312503,0.27635617262644063,1.6801345515646062,-0.6793346587288642
-0.12969732437119935,-1.9309312136438137,-0.6076377585169247,-0.19525797667813005
-2.077402947250621,0.4226479916889202,2.001614299098424,1.3859142996525056
-1.1046847159527018,0.6770976064864785,0.5601605035369013,-0.8153683286101141
1.0049142436986762,0.3618008017291485,-0.3404870936113722,0.46238697837495735
-0.8667801794063675,0.6532703692686586,-1.9564383520141733,-0.1284740225499629
-0.6955286567011989,-1.2517808027724542,-0.1501089167139906,0.21466363481576115
-1.9500978284784656,-1.338659180562148,0.37122439636242033,1.4287531771292175
-0.5928179366857707,-0.3124486911593774,0.04845124650295816,0.1360013379129405
-0.4380528811248828,-0.15154515764098161,0.4015874441899521,-2.223505992565544
-0.574654116446507,0.7862098143159871,-1.393821650149301,0.3592616907260609
1.1709003010591965,0.6786609966074563,-0.1259205880695937,0.15058082238493828
-0.884474698742236,-0.620521378311204,0.2272898236868858,0.922264488576152
-2.153544708491562,-0.36575668502124736,-0.3758421273486033,0.32993858450466185
0.9819940612670743,1.1059130388517482,-1.6137156768846668,1.5615872345684563
0.40650955093547714,0.35924381552326595,-0.6144356721679561,-1.6916555271929992
0.7587010323673516,-0.6822734152018761,-1.0385344190603512,0.6351112749392326
-0.6000255436147189,-0.15913360205126698,-0.417616424340555,1.1414865360445117
-2.0430179172935934,0.12503574280529486,0.20360794784847489,-0.8847271532273882
-0.02687723731163443,0.44181658802354845,1.0039980604825178,0.6828406927052117
0.32604488551021277,0.42538403652351864,-3.4282536590609087,-0.29633567178971254
-0.4399379010928078,-0.8671646854828144,-0.10044012931912455,1.0183339970924141
-1.2664731684606771,0.1668387028332344,0.13348339230153897,0.6720244942049415
0.5467054332639928,0.7790014010476238,-0.8097278176291806,-1.3348350750268956
1.5547373080797242,-1.5952724409383527,-1.2607435917291772,-1.466780449749022
0.5924364065170966,0.7284607956654197,0.08717018085899673,-0.05719147570556813
-1.690797697904625,0.3108206549301983,-1.7473703273329089,1.308412944557446
-0.3555049284729308,0.8076405448751744,0.10493178779302821,0.5046620633911939
-1.1827792514368611,0.05767927162452132,0.3162740787201505,-1.7668089485066163
1.4647527455778062,0.09433639472616295,-0.19493013931798872,0.2256212899119687
0.02994424739467578,-1.1997054334044293,0.5004684924528111,-0.08420706361065415
-0.14500304939067446,-0.3821994914648942,0.588150998919999,2.653656122269651
-1.1019103711351188,-0.6084433922396388,-0.34083136206989867,0.19707036163387032
1.129964570646097,-1.0786912592768687,0.26152256861202094,0.4735630663054072
-0.9398009513532711,1.2209775835496768,-0.8528985819427252,0.7383684356100128
0.342442855518278,-0.8986157790339825,0.04696262442623223,-1.5899098508895833
1.2199840374845294,-0.48223886327659554,0.315666900344721,-0.04785193833398574
-0.45414454100066015,-0.5567738740041221,0.253320971472228,0.2725958070300799
-0.12010941646793835,0.35979007908232663,-1.398975328293958,0.4023335881931671
-0.045843017617142254,1.6017200837919123,0.4742273294967459,0.9971158733838602
-0.9515339515517358,0.2847322390593643,-0.5814102441465685,-0.028720444418361513
0.43862873204074015,-0.4820791879519292,-0.18528044685771666,-0.5657799979177072
-0.5627390119266302,-0.30883708631438284,-1.6275075098899514,0.1554350926485758
-0.45117165790756963,-0.17521066112887154,-0.22640535734979206,0.4109746670403404
1.4623698119357598,0.14917436345214982,-0.7740548910514098,-0.17361222555582959
1.0824484545588418,-0.6004239883409578,1.0868444911808457,-1.4480680666138173
0.9266812456427964,-0.8547646936517113,0.32423245871110107,-0.5574018112779265
0.20297599835977903,-1.9427523692503035,-0.1954425488772481,0.9918942366285274
1.1632205093817691,-0.6293839179219404,-0.06150467276011977,-1.3291904576540547
0.7230953913635013,1.4493343877134397,1.2410640226211063,0.3665478701624765
0.8230513313155494,0.5160126774188842,-0.44566010903319087,0.38564661316655685
-0.06877930746670102,-0.3097820389628986,0.41745496637024515,-1.0090266093171862
-0.5101225798738898,-0.6431241918253229,0.3356394102087226,-0.1720259547372271
2.0783966599008177,0.21830548387457155,0.3703288777258654,-0.846360042690753
1.3930467410841285,0.23703405631830074,1.3752060746179988,0.8676295368919708
1.1657985696263466,0.2580543077286769,0.7133151196975959,-0.36993725357445645
-0.8255012247236411,0.8401329778526362,0.9894537979683823,1.0324273273093783
-0.4746316865007915,-0.8775856328494304,-0.14117615166332534,1.434061501967987
0.4469886744755963,-1.077463240458521,-0.1983640581843859,-0.7119198957854123
-0.10819615994144649,0.9665842387261283,0.10152850758608921,0.9353800427507711
0.34141087282098903,-0.3168853447649999,0.3975111366186311,0.0481532428010323
0.22976931686650992,-0.5319229916742203,-0.3619627031373419,-2.7625398180917373
1.7521880562389252,0.0805612412289736,1.5028668260064784,-1.400991662471592
1.1051314949694468,-1.1235056009982496,1.2245531597939732,1.4917233211279426
-0.5028255702924338,-0.9442113687998508,-0.37936060148773354,-1.6367427987864973
-0.1769323326425906,1.638156863189348,-0.3270371790573339,0.22860235480467186
1.775548639011951,-2.224412502544491,1.3943694990248925,1.7788168417755206
-0.9915298020092901,-1.8951432040583405,0.21462001517436066,-0.2408346505494131
-0.9243677225535142,-0.020641127384528956,-0.8268487349607542,-0.4394418078654228
0.28919003576845964,0.31797823746228093,0.0357873061312705,1.0343717676428283
-0.5069263417072218,1.2286590024105142,-1.079649903088908,-1.5036650583152666
-0.16735978294876855,-0.1838888758169562,-1.003073346918886,-0.2927183066754823
-0.830604830655742,-0.2715024647058102,0.8255827312766483,1.1215587988651035
0.49201251174894167,0.7590026258465767,-0.4421638541479214,1.284844684247175
0.8012603906992314,1.0251961445661109,0.11149980398896668,-0.33454054609273565
-0.9753975682410977,-0.16235989019893596,-0.7025576782014529,-0.9105043263402153
0.30274949980843807,1.0868614543676287,0.42039003065789204,1.0642605042832396
-0.5772958150433611,-0.2663396782833471,1.7661619349027438,-0.6637513886639249
-0.14907387770954542,-0.014609713136011256,-0.3039844558247073,0.3007118460078028
-0.609844146885138,-0.38170902877537943,0.22308291389101362,0.24445916633895592
-0.036104586475470275,2.213145092577668,-0.9341644590371149,0.8616314964321709
0.8620440123190761,-1.1169826278770334,-0.685953516574472,-0.9588661119521205
-1.2013715400225355,-1.615502996612493,-1.1245429232400261,-1.2491464971293937
-0.895755791259018,-0.08541986148418791,0.27514353161058497,1.1792273736570806
-3.1843765710393876,1.369891430558255,-1.074832533613579,-0.08993652276689712
-1.7672737934623446,-0.22550420881490116,0.5743706483651099,-1.329966509089972
-0.3302212471695886,-0.6206113262855046,-0.4576096659140149,-0.5981996052322744
-0.3939838364293324,-0.9243292683089569,0.30845073599715644,-0.8863729740066776
-0.2524923482137027,1.4223582084325699,0.12916409743832788,-0.3352496669706649
1.8466373095768367,0.7296567690957663,2.423712422958882,-0.08708458114141321
0.2586140251463892,-0.08747087683075865,0.5901191942752622,-1.2195795569809875
0.272787947032667,-2.6915840697069697,1.5677797494741637,0.2650303783190047
-0.9294123375043266,0.8855874055679285,-1.5571803952735133,-2.252236862680766
-1.0517782336312205,0.06597818154210965,-1.1078548990147281,2.5135295771265564
-0.29585957416794717,0.6112695602997895,0.4257563826539006,-0.21172233881421715
1.5123583851680655,2.036981433584445,0.259325659975729,0.6262423732021529
1.529506761855945,-0.153253801168293,-0.08923754448239085,-0.6286351672190504
2.1609547766414767,0.7974586823850175,0.715102773574455,1.5105373571669334
0.5339139683864085,1.093706548480442,-0.5386501756762399,0.5823798055193129
-1.6777648710198625,-0.03477113140573702,-1.9431935760910093,0.4058501287259955
0.6802514492476719,1.357220789863204,-1.3868234321906403,-0.1810851810554251
-0.6580861271667959,0.47675104669378715,-0.16036611159722086,-1.5224724520456285
0.43810963201283865,1.1718326301940907,2.3190660860445553,1.1886345425688496
1.1734129026018476,0.8396664935137825,-0.2953291317905986,1.539478368853491
-1.034012265165944,1.102609030066693,-0.08271035697522869,1.397644077359791
0.21798456154826248,-0.2545376538897633,-0.49048491323480503,-1.606192029617534
-0.25043851237310444,-0.1512182556257395,0.16642020943478958,-0.7189740185900982
-0.8230316017915877,0.47788542815608925,-0.5734303403342714,0.37354433671847537
0.6061275222878728,0.4838932498232197,0.4478501242376516,0.32187654120456205
-1.2953719870865583,0.3556849319245592,-0.697172524940945,0.7278720713608362
-1.25661908525894,-0.3499210902011052,0.8317401052329471,-0.19735738916027717
2.169755744168242,0.4662145161317722,0.6957898033715423,-1.3944314531239095
-0.8627896032838142,1.349069420081151,0.6566490381321445,-0.81180751161521
-0.3345786937096921,0.8583626196069647,-0.925222526024658,0.1720773129228859
-0.12847355031431,0.7838738839210542,0.01651996826012575,-0.6623158513886266
-0.15590099807888008,-2.8150592328398103,0.9484338728016043,2.5231083208542655
-0.2919374556960191,-2.4908597225606615,0.46802737892585805,-0.343682906810856
-1.4282068892873914,0.9694024573396655,-1.0264102215428952,1.0978962022622083
-2.2168609260007845,-1.6819286995508904,-0.37549675333361776,-0.7641135679900699
1.5003045966510722,1.2569508336392354,1.6857268066352615,0.7226589610248273
0.9407105139307779,0.5942831956808624,0.18622386787016032,-0.6560663383230104
0.37959168741126376,-0.3199521762016056,-0.8162985180551681,-0.5998232292160747
1.4720262842074305,0.9468417889098397,-0.9320780446191285,1.8264922604563543
-0.23011548954337654,-0.8385994036559757,-0.9702074260715863,0.7149629023146243
-0.7777704057096924,0.424913986114669,0.22116496617689568,2.1093509882646786
0.31298257144816605,-1.1005908817627592,1.9276279303245054,0.9123673802965679
-0.9158428924198712,-0.9079084284196473,-0.6052623775679895,-0.7101972869435201
1.7096436085408093,-0.7293950726675854,1.1464529235765866,-0.5804366793871005
2.0106964693477285,-0.6706035430437047,-0.9786223101234276,-0.04774126396522092
-1.4080446024115658,-0.4704032601210085,-1.5405181456818724,1.6876580402251224
0.16214922778300978,0.08883764711462411,-0.4925844864864916,0.45843241605403673
-0.7869958386285213,1.9198406051472334,-0.7030661545088783,-0.9391127918025017
-1.394823221436651,0.699120394725015,-0.3321111096719199,0.40308826994042907
-0.5552073484471607,1.2508362261763046,-0.7352017563480712,0.10016847853564995
-0.16535725210268315,0.9898605084933852,-0.027246734263540958,1.0121966462328342
-1.137345561384607,-1.9889698914255851,0.38363265948039577,-0.9303749845708617
0.2835401543903965,-0.22873489143157724,-1.1981401147572712,-1.0272677324059223
-1.5250539348786918,-1.9550380074007279,0.29936739566000486,0.11590735767657785
-1.2743682021434828,-1.048946195448251,-0.6096158040945747,0.9567636856192288
0.6293975811600083,0.6610796278878951,0.8530418281951038,-0.13322713173470505
-0.2084225240326588,0.31295079041104373,-1.004685197682069,-1.4287398895554426
-0.8007885944137866,-0.31425595272649753,0.5783137591318988,0.9535197168311191
-1.4121943766967848,1.1419002456682434,-1.6076009160156595,0.9692959598102295
-0.794957056440291,0.8313291335792009,-0.8344585577998851,0.8764300809514524
-1.3823007603173303,-1.3510521608218307,0.2583830855401191,0.0635497798323511
-0.08702388166443192,0.5993405687852498,-1.2208372130899474,0.014028619555811004
-0.022898357040920234,-0.8245130779393864,-0.33029767246051334,-0.9927473986361903
-1.2172413453614042,0.21745936403837218,0.4409329790427198,0.33527218754276683
-1.9022979860847025,-1.791119258648626,0.23144116595116385,-0.8989121515302955
-1.576154292073985,-0.5073697202696184,0.9070539486871622,0.8316483893274258
0.16062134799264435,1.3595002719763656,0.79145496084612,1.8946829148943372
-0.5012312167380821,1.9730922340537207,1.1670842699694692,1.3900898964983108
0.09458404018684508,-1.1801790589307066,0.4166473249102021,1.7036578223986292
-0.011849562347101284,0.479221702883966,1.2079719451146405,0.023017016039346565
-1.5120637216788093,0.1626379918557389,-1.6163262255763702,1.0680405912728925
0.34359225897699336,0.9520634184872793,-0.8396624760964772,-0.8928408643915668
0.8088598845228411,1.6963094981269455,1.324825253816794,0.17435266380665415
1.0540608155481617,1.3297443989966695,-1.4234149142766428,0.7075452584916081
-1.3424760744458986,-0.21890030974161198,0.7030724769728041,-0.6662425866832884
-0.28956208808085204,0.8950329746475201,-1.3754821895818394,-0.8017449343500983
-0.2891846630096363,1.7698664068474188,0.872767210051831,-1.361738276384513
1.1396212879224872,-0.2686874457891636,-0.1852976125054624,1.043597211604847
-0.8044311472144384,-0.02021299442266592,-0.7952748427344533,0.8575746799509709
1.5824945274603186,0.1021739350987355,-0.10771338960086062,0.8832038092349415
0.7909139445688527,-1.4334349010112495,-0.10078795376462377,-0.5279913030211911
-1.759884208418376,0.14352369671940224,-1.7002011027498505,0.7758925915761027
0.5706854051938495,1.5103382519607054,0.3332377525770445,0.6441075604576393
-0.9822527277936406,-0.3113054869830932,-0.5076029722206447,0.012169045129167465
0.15976348619973244,-0.8099514160468402,1.1516636367179796,1.1424343984749088
0.8364715310336314,-0.023674471170299353,-1.6522499755116777,-1.6126766822390814
1.1980205391147758,0.31833818554548293,0.26218464409681147,1.0066438461535505
0.6741482763423281,0.09384209738394782,0.25573506567893367,0.19092609683456177
1.1449323024653077,-0.29486879600560023,-0.20031625808168502,1.0178839558285702
-1.3770528424847506,-0.2133278214477579,0.19166755070348193,-1.9417141924261587
-0.5444351009546282,2.194550906027929,-0.18283917632570448,0.9271106856823611
0.5803430795247959,0.3572179213563932,0.8272201173098352,0.006766434160342288
0.4287127957886654,0.6583317958631046,0.49116957069049727,1.2918850082523665
0.26679653214817206,0.692938281386868,-0.03833134548729374,1.542381574248962
0.17630582828415575,-0.7059597570176065,-0.09349064823950702,2.0574690968266705
-1.180798050660446,-0.5863459483427796,0.9104275495355293,-0.5738777927552918
-0.387236274536834,-0.8574981951163185,-0.8757373904459588,-0.07532157433481212
0.3251475287209798,1.6995756439253442,-0.027603867874861895,0.5030047655650959
1.7784339169125707,-2.0809335295629654,-0.5649050624648749,-0.7193597613591172
1.4087495885414618,1.0852058379038014,-0.38300435835608626,0.17136069388615552
0.556273897454557,-0.5603029171323624,-1.1267601983256672,-0.23041730641676092
0.5202641814791991,-0.4101502453489993,-0.24681723749192916,1.0780446450581642
0.1374342422551628,1.6886580314030208,0.7730289931252319,1.3880753114491375
0.4141228092303672,-0.9343883008226458,-1.3565691129974822,-0.8245336063374499
0.1236873485554137,-1.2414457167532376,0.3458843082205962,0.31107278035501484
2.257184402653108,-1.4712479264183231,-0.7638837908315698,-0.9088775889912968
0.19089938638482934,-0.33868413699928424,1.5883436974829632,-0.43857613137327184
-0.7256843423852862,0.8311206242896665,0.7228564353752858,-0.7889953413894888
1.7065997458821223,0.5529388451904911,0.7064059137787949,-1.099217878620637
-0.07019696500298728,-0.7922566068836634,1.3316690411239536,-0.8188134117045607
-0.07532589605292811,0.5711880901553087,1.1902744915926884,1.8002853602227122
-2.2074194956226276,-2.6518793683783737,-0.26823411483287635,-1.2449194320558175
-0.5979331081248134,-0.5271725185742885,-0.33921392583340537,0.22006896026786904
0.040081537199299605,-0.06920723848655382,-0.17154302886877895,-1.7535852591038743
0.5062452222590426,-0.9179088547423179,-0.5156314197839555,-0.0660408302425129
1.2648625173450347,-0.6046299808396988,-0.9143447032759818,0.15113873512653936
1.2566858101724452,0.322049432985437,0.674715099255754,-1.1467161074299372
-0.9371637850205888,-0.6780278364391318,1.2195737139572487,-0.26220227120666934
1.32563857783949,0.20565641039051957,-0.0699822039654901,-0.5127593711194308
0.4201723010277547,-1.4083737587709102,1.4429050017394804,0.3606269081385131
0.12626204925630458,-2.0651097409361183,1.9690976835075382,0.7966035440059277
0.7373572452606553,-0.5212816618493984,0.5051184435479457,-1.4848676925770048
0.3662821365981295,-0.30287454409730175,0.9365821011948772,0.6511437924689414
-0.7694581746906076,-0.07477630873998632,1.338641835482003,1.1265562194417054
1.2002612841064044,0.5332122120150161,-0.46901726075500494,0.3331479261580274
0.13309491060528475,1.40304752988816,-0.8557006558853892,1.1812987012897438
-0.5731710262638554,1.291221915127659,-1.8879900790499002,2.4175768171001524
0.2006445602899098,-1.1497519804645364,-1.1227900396071833,0.5231769498964214
-0.57822060145881,-0.6472041897549758,2.157699521066359,-0.4059510673908596
-0.2184435441068974,-0.16180445051623576,-1.2215251562169733,1.1166408362467035
0.3178188929170403,-0.18940567447006093,2.0450489924805804,-0.7301778593936502
1.3709876003868562,0.5777349483580739,-0.8629452290653982,1.1525207404239575
-1.004754268068268,-0.8844703348616272,0.5673873257561658,-0.23596759052620056
-0.7398697449236491,-0.41254340073714985,-1.5354466502227564,-2.0347124954106346
0.5794984522200558,-2.2617610294210766,-0.8912242760055439,-1.95353552290332
0.5944538461948509,1.922484296717154,-0.35766798933665284,0.26627288278957295
0.5608548654346979,-0.9103326867174139,2.2724223302744067,-1.5536411271598067
-0.5025398365023455,0.567208682129517,-0.4754572338232611,0.47969647041764135
-1.3205560513718118,-0.4843523224647795,1.772486174813259,-1.677582301915858
0.41218597410572677,1.5752558870034115,0.8464211246657971,1.3692513773612807
0.5843770816658228,0.785485426769584,2.056091345023479,-0.8865585387233718
-0.5692582252261187,0.48651771152777623,0.772915199549357,-0.713474073338052
-1.5523675597961901,-0.22171274671521737,1.1603400367398768,0.08646915301003286
-0.47383509049144323,0.516468726697951,-1.1881749279308516,0.8481253367771981
0.9090196631667979,-0.26443664807036327,-0.9751136204355384,0.6208989213798529
0.3919923313766104,0.17364167130963942,-0.1704213388802454,-0.7323760580962178
0.22897089066581083,-0.9290199490571817,-0.7701896394414316,0.7935483612169545
-0.34351535805671346,-0.20828241520851162,-0.8036283331050956,-0.7549429044089864
-1.1680998206561122,-1.5940937217644593,1.1160459779678529,-0.9411648147078154
-2.257853697347125,-0.6219189484766721,0.956830917279859,1.2685020283666306
-1.0068775351672477,0.3905621646437087,1.1012395598495544,1.1340728872768637
1.0730317683796404,-1.073461371943824,-0.7253550512450426,-1.800975123816967
0.15963332860048923,-1.1253300564769242,0.4927586136745967,-0.6881636248160278
1.0240828008080365,1.5684068909062183,0.074709146028628,-1.2032490955624195
0.8524694538677914,0.5944743664315877,-1.0196918993524806,-0.17475897576429295
0.4461651901810588,-0.20353173289948379,0.7596806403506057,1.8488839063789593
0.49390434781824455,0.09876778568502247,0.9890351512952286,0.7185568852660192
0.5982805660164267,-1.4170956036836815,2.505056307603197,-0.3439308692395646
-0.44639846398249755,0.3249995676482344,-1.2706635674004925,1.6759192600621702
1.8889461150792133,0.887685515178035,-1.171627852829121,0.11402851704971663
-0.8702292205855199,-0.044684619433159455,-0.586679218372615,0.6297768715297134
0.8058762492865715,-0.5562071778925729,0.020182203567613573,-0.5866151144082494
-1.360064072179182,0.8135681144981106,0.4883206499825339,0.395432976659829
0.7661589484272904,1.9994864110375385,0.5174312144257889,-0.7565519743345304
1.1713808444975202,-1.212490595583183,-0.39960901377883223,-0.32534002195434775
0.5972052733032527,0.03990059186641125,-0.7574299708384368,1.6984818649599323
-0.4346937827368669,0.51646127454816,-0.1532195613011738,-0.4520378933330091
0.7774089397023412,-0.16386919598250077,-0.7764692178052665,-1.2295093535098318
0.42243496059891256,1.4129420113626594,0.9178015887399339,-0.18374525388991741
0.5892068153857983,1.0245864065457386,0.874961207893627,0.3705093618023101
-1.6213481368362765,0.05344727199764203,-0.42168600494679753,1.0506578973561214
-0.1735456358280145,-0.44363175909050007,-0.6304701052389791,-0.9840480411744705
-0.15702070813669378,1.5331236905725643,0.9105695071808656,-0.4109498423638929
-0.4022716550502489,-0.11911673144266104,-0.5607193303686281,-0.2847248932723719
1.7617638652194334,1.0096915684131458,0.6786344627856701,0.7774365295593149
1.3996634123764595,0.14599359126603426,2.120117653661718,0.8531820410439698
-0.5975384240521793,-0.11184993854902225,-0.8153705655399468,0.14774185755616145
-0.7053507987693876,0.7803748477670989,-1.0356966010881028,0.8358583602198847
2.3374816213887555,0.9201291851336573,0.1387073867030996,0.5543071826450207
-1.1052042779555253,0.5306087793695129,-0.198615680442901,0.5513780728470878
0.36918951532181504,0.7617530953231254,-0.017748728615350658,-1.5956165456911509
-1.3877844153002035,0.3272484249129676,-1.6207898636455824,-0.2252263029468458
0.870338305687395,-1.0069387252903546,-1.4695503767967886,0.5392292474650947
-0.9706188755288653,-0.38968934463132093,-0.5347807155251324,0.2278952045633303
-0.3834486654286038,0.24634048128466124,-2.6111235720999986,-1.0106603515917747
-0.12727575400048857,0.31231044308230915,1.1784826215383446,1.0636158807870415
1.2292717155579103,-1.077151974106588,-1.5783473560646788,1.6193154913528591
0.7327837227171786,-2.8818583853092563,0.5264404213940971,-2.1270044496240152
-0.7269328562107653,-1.1939856584694832,-0.9498027505489806,-0.49164378327360003
0.33280060149241847,-0.27134081616783606,1.2112916456450464,1.4354952276404263
-0.7058944261308489,-0.20544715342816633,-0.5448610484776527,0.7779230251652266
0.6851951151883957,-2.140709998946167,-1.6632634358392755,0.7719357792389142
0.3566059737911415,0.4179957605670012,-0.16035327622583145,0.9206380504974346
0.7653613556636346,0.9442479148687378,0.4882392255251606,0.8817932857322546
-0.3900453327089903,-0.34934695009935196,0.20076721709138123,-1.7716496493338463
0.2542328044842104,1.459306298762246,1.6330000841372625,0.08513571740079247
0.3972716119181226,1.412441443770556,-0.20047503559408747,-1.244106093928694
-1.2948083425539532,0.9862398757632341,0.6243439578807168,0.43220851733247456
1.7769035734194856,0.1501464447786753,-1.865187724628396,-0.22797213487713985
-0.6037744479535222,-1.0547193545517355,0.30247633982854644,0.4286183561766641
-0.9161555660828701,-1.4163547144512612,0.32405327004552426,-0.23296750134904373
0.08935856352407985,0.09127205176147397,-0.5392667644263995,-1.1349479835054
0.2024820033737913,-0.1267632751921265,-0.3238727458979764,0.148399991362126
-0.09441230428995388,0.9865255729823637,2.49222408532424,-0.6152958392217407
0.5241268281025537,0.4014915099753458,-0.08530802013069214,0.08650642884032225
1.1475842559900507,0.7347989903281507,-0.16305573187539135,0.19634971534282683
0.7277433554886743,0.16115376577362558,2.270219003129492,-1.0541030217284915
0.33598684806805257,-1.7748692522257987,2.419003137426819,-0.14515567804481183
1.8534969911978,-1.4900114084500669,1.2944910091340671,0.0325135223883056
0.4246776013312813,0.6815007085730862,-0.8240030717254425,-0.022355364503015795
1.2893427805743878,-0.633458180389792,2.0469214131628686,0.3106470235618345
-1.0237751559324422,0.5011689319468597,-0.22716727814115853,0.12300539848298225
-0.5484648722843295,0.9096172594415303,1.4758238107392108,0.5842338688399218
-0.5739630474643862,0.35091291311458966,-2.1287892540077036,1.008115294424784
-0.5508602986236918,-1.3851536331067364,-0.4080978553088388,0.15712554385207167
0.5581184795554239,2.0439155063487577,-0.46858051106575244,-0.040790676925179944
1.5610102517989148,-0.012613097655629265,0.27333099462996174,0.46982786732771037
0.20300607389739178,0.3869274257998969,-0.4546673520571397,0.20543393912489852
1.150128710268201,-1.4036824493057316,0.7868432959497742,-0.7421247464324504
0.653966301205704,0.9774906545913479,0.5773590780213399,1.6158280289389704
0.0292368010438116,0.2594633943137295,0.9258163482905795,-0.24519329628707068
0.20801088801849457,-0.15092288674311718,-0.3625282098828935,-3.5488240789232117
1.553205195587029,-2.186301357526812,1.2771038524173017,-1.4478853620226995
1.2415737453935578,-0.5228454077050708,0.43720657550605746,-0.527700355473893
1.095179772750024,-1.507390311306885,0.48118741565250506,-0.566725659753424
0.7464986213924819,0.7119854247046783,-0.056768794945390055,-0.727258066392954
0.22561145319478174,0.5686542496109563,-0.07810128234317043,0.10345518712869249
0.29012408287636204,-0.29240357667983485,-2.232313749982307,-1.4217499461158054
2.615415931310023,-0.2614935775294088,-0.6637968374313348,1.2028367508759115
-0.1630627683008762,-1.35234608837716,-0.4020644721639071,1.858392124014195
1.0393110296108108,-0.781186417854263,-0.4365874446657778,1.2515224015146313
0.5628820728496703,0.049062779878853414,0.6289280125108905,-0.02208200635871103
0.25934368902716964,-0.5162984046648239,-0.5797617101185237,-1.3512775370514627
-0.22998747378770198,-0.7998602288115715,-0.6932118211838346,1.3943924288955853
0.1365810370933307,-0.8276383373309854,-0.901571219471724,0.7020818960319364
1.213806260798177,-1.2422758906059166,-1.7514931342694253,0.7326486429854655
0.2882193799895922,-1.0651801524173696,-0.9117356618739106,0.28907723215093944
-0.016887215584007898,1.4942157754757441,-0.10077865395576976,1.1972969147809458
1.7247369158955057,1.9044554335836903,-0.085071260316239,0.8340911852609956
1.2934559106167784,0.6661038509037444,-0.7393034509277562,-1.4941404629600477
-0.21299026869919674,1.1785502947498576,-0.9468194932102035,0.02773990479607893
-0.6801652872450751,0.19463722031945002,0.674314073368261,-1.3579051472429657
-0.5368161166569051,-0.852457368361459,-1.7045892719843472,2.040492391425324
-0.10116139402039427,-0.37889929849904913,0.6387458195332274,-0.6967188198763926
0.9061522669172339,-0.42715943095580994,-1.204642294380125,0.6299194288296954
0.20506980883249343,-1.4032407380168623,-1.1407172353037116,1.3857452036542468
0.7141150696266203,0.25344401501847785,-2.6762120077827727,1.7763267915999978
-0.5425351800181187,0.3958373319400713,-0.9437808163047696,0.948999702514941
0.37358516444111073,0.7881179150988843,-1.6657923914031132,-0.0439810339072513
-0.9740292383717783,-0.7084457732132203,0.2316466218687673,-1.7225053206032261
-2.079446040248997,-1.3986518475019245,0.01540793957281373,0.8275474501582726
0.9511663247248665,-0.02908839659856765,-1.3192959509308153,-2.434321739741214
1.5750377226695345,-0.3858328355559994,2.374373531578584,1.7246429289403817
-0.5020694465060292,0.7855529598697457,0.31798914592065125,-1.244367070051307
1.5426350344929673,0.13231300006666166,0.15567272356199452,0.4137637900416313
1.2891281774759926,0.2626616769592135,0.008350257444639624,-1.3544891110038313
-0.15624132216543946,1.0271927302790749,-0.08348373291919349,-2.9093733526198595
0.7288836273111879,-0.3194686934351276,-0.4204558956831325,-1.1168266625583787
0.3035144925650806,-0.004397838137678319,-0.4330711989794438,1.381871831017321
-0.39497171960045807,-0.8040541074482314,-1.0806668288847723,-0.037365935852636055
-0.002199431942178175,1.0227707771720675,-0.9192936267418652,0.7736295308697212
0.8412234889028641,-0.708949682267675,-0.9889522824344582,0.9535764679513924
1.8900871602006752,-0.2898790098232418,-0.7387112025647271,-0.5721028670837496
-1.1209527703127036,0.6662696507192382,-0.6419141969239502,0.8788981180186697
0.45781484983580495,-0.04091087488718633,-1.6688079196228827,0.5531544851226274
-1.3378325652823302,-0.8346879131380225,1.0441030656032497,0.6397369236183479
-0.03433101284051902,0.18626686288417635,-0.9698194391125535,1.2672007123023732
-0.4701344352420278,0.5562502119748617,0.6306058034051828,-0.21152912691948994
-0.8263606165457321,-0.7466060757690964,-0.4333407890897197,-0.4872639876623914
-0.8784139600776254,0.4475628906855892,-0.5132465099347042,-0.11672727063995972
1.5327331494669978,0.18403527503884845,1.5224748511124444,1.0981803829946433
1.1168742430698844,-1.5916049434464208,1.2945332718041314,1.4106142721109178
-1.0370722664080185,0.8111939411829799,0.6761121394933353,1.4477396452645939
-2.4802084407107725,0.6222064884964845,0.7662802939432052,0.5453799445431594
-0.5987113505620658,-1.356319753699126,-0.032491974968591394,0.9233336979729365
-0.3627417897679993,-0.43811620583264527,-0.9058474383526158,-1.928778598943466
-0.07551747979223243,0.25660318908357077,0.23976211840406017,1.3922281871858866
-0.22598385756392167,0.9924243016307137,-1.0030016990428898,0.9290426254569183
-0.1635741961704042,0.16305551031739327,1.5517039837709317,-0.7120876409302469
-0.9501312977668105,-0.8369899870099811,-1.1866024707037068,0.03902436801534153
-1.8133744435900012,-0.3237302087454546,-0.12837881111658897,-2.210790290188085
0.9463269561910492,0.13693342485261958,0.17360403979666966,0.971796599504883
-0.8875980145640014,0.23742551064684897,-0.3474204827521718,-0.22257018101851575
-1.4147024138359132,0.48956963571151224,-0.9086533069866115,0.29682078475645235
-0.04998576448761532,-1.3131250333608422,0.5460449907387448,0.704869506140961
1.5276476254318219,-0.08395758759050008,0.06676332989161261,0.7022055719560294
-0.4581287853895751,-1.1140025890074208,0.8295234877335991,1.8700041873532034
0.8944708054936082,0.29224993164410734,-0.40465370220565094,-0.2792171926117345
0.24533975782876227,-0.8811709903405793,-0.8800246575295679,-0.05396840221284059
-1.2953821023405512,-1.2373009161003736,-0.747452255664172,0.09269534070668556
-0.21339060887247005,1.9269378166792837,-0.2963229648220213,1.6564904536776999
0.08168957580786293,-0.4796074076485715,-0.4284427769770909,0.4315334526784084
0.19824968716382665,-0.36070792159292864,-0.35000632117807756,0.19357848882319895
1.2912112922971135,2.2757844130393856,1.1462752497845086,0.156586996996107
0.4631493129204996,-0.5936307664423677,1.031542368666794,-0.5031638430939025
1.1643736867993242,0.6345604415782958,-0.9358628552952154,-0.3213244063154613
-1.374429920229315,-0.6023264706801329,-0.2596525757674832,0.3919284696307687
-1.9840326414101217,-0.34856084349778216,-0.921348580293811,-1.7790861860053155
1.305444774433486,-0.15593676494928893,1.1402382883675044,-1.2246772826261738
-0.3337987249765319,0.510864611998694,-0.5798310453984931,0.7189435160066677
-0.2145550139337748,1.670706099106457,-0.4430032066326011,2.4021732337569355
1.5830033956130982,0.6668225313030826,1.628827909457779,-0.5343562638377135
1.6871265131333046,-0.6221093426181367,0.5991797464189941,0.021232507181851632
-1.0011795058694926,0.35456383584602685,0.6104214053611088,-1.3439543044191788
-0.20359556843816726,-1.1455837099150017,-0.35212026764032056,0.5749393041342067
0.6808115359662907,-1.9339794132621484,0.48775600311725975,-0.4331860642183085
-0.3693724558423398,-1.1398675163627172,-1.5106565213042185,-0.38789999511987305
-0.798102421943769,1.257531405949381,1.4035278328117213,-0.7255250667652439
-0.6962011375882409,-0.01471809809909881,-0.7132425142200725,-0.8464103611165728
-0.216081822600518,-0.3376561558259855,-1.3088353021116652,0.0876275843464375
-0.6104971933931556,0.026123768392457263,1.298374618791903,-0.9683480503239463
0.33712639966132507,-0.7441973319171951,-0.9347135700457924,-0.9023226562006642
1.94688217864313,-1.0530058441392165,0.02487447305106576,-0.5780929231726298
0.19329864996269228,1.3978223069454505,3.366626113043701,-2.372213774126944
0.8510095414977724,1.3328461372953007,0.513413985496162,1.0882227500578747
1.3460756042032924,0.5274862637358111,-0.9292184799027314,-1.0658685481120045
1.0580174032047436,-1.6722833056087705,-0.8679261785611954,-0.6179439462418331
0.6039647391787312,-0.6599637317833664,-0.8332868681797424,-0.022943778201863375
-0.4105534935483893,0.7068045508045074,0.6703453337620089,-0.630464896039814
-0.20026923848015482,-0.5446673235216488,-0.08730965340235805,1.095515169646304
-0.27366836653742066,1.1785837185404877,-2.1360469236036876,1.1992642705838372
0.4435784868383287,-1.939738077639379,-0.18653593199975074,-2.5294888598268312
1.8611496213345182,1.7247225543808125,0.4506251127686606,-1.294295931253794
0.017865882032818366,-1.8721212477539964,0.6996938014456541,0.5932537996203098
0.8583198823729222,-2.049385790361093,-1.1460704693073405,-0.03907495705689979
-0.44413364767474905,-0.4965988324426678,0.40688649671164767,-0.18247439268763774
-0.9489609481277723,1.5535051875492707,-1.665182528214643,-1.7291675968540594
1.7311914731358184,0.068458837280565,1.0613564850468649,0.19807672112687785
-0.19634422652329747,-1.5268626498132198,1.0097322087314082,1.062113287777213
0.5462749774845786,-0.9012301355825973,1.4607104485162858,0.7361700824549104
-0.23326593278940463,0.5605150184065313,-0.14628113763363904,-0.11126388220664624
-0.8412990319787654,1.0528248994303593,-1.183851835779515,-0.6094094848326014
-0.3701099187858669,-0.30485921926049353,0.0810977559758005,0.07881532197043123
1.064062968558691,-0.11837533822781846,-0.12994461092157442,-0.7770034183145168
-0.4506620853383399,-0.3906116126981902,-0.7304931866225494,-0.5058798464246212
0.8258410128929397,0.9276085489129955,-0.8573793084099128,2.4655672909630173
1.013959117524782,-0.36816186401141043,-1.9954555573458361,0.02894682117970077
0.05913680537154853,0.19238083465461925,-0.08202629729403585,0.405963460476128
2.013992468955911,1.9239961920218454,-0.007418428559639564,-0.3421012234067267
-0.7441412731371454,1.1826911318332765,-0.2203663234167684,0.22983702536961156
-0.5745841589968493,-0.39686442465191835,-0.3340312270767938,-0.1413936872134516
-0.29794670594552375,-0.9484874096800523,0.15254072944138933,-1.0964247801479927
1.22442642447479,-0.24504930836123476,-0.8747541568096983,-0.5736838130707339
1.102530267388364,1.1790771615702291,-1.784636755321994,-0.6991648884584762
-1.9749556006473565,0.5707406166867083,-0.3618181948559477,-0.15219663566521116
0.5463690894539269,1.0403819264971643,-1.6020245606387273,-0.6117883672310079
-0.618664996215788,-0.9702471798953954,0.8376520949894419,-0.6381163586651251
-0.2747078007809616,1.2102678743698787,-0.37638359843291863,0.8582460658906533
0.9784882884569348,1.176347086129505,-0.18764705492343695,1.5094869638009547
-1.035493477622839,0.20075787922586535,-2.9694110530663114,0.14753788049164154
-0.742312497643611,0.4723177862831635,0.4629024117246807,0.4760893169283741
0.4448707923310407,-0.7921348597052089,0.49178266542561117,-0.5060024311295751
-0.43246813456714667,1.025997623954325,-1.3731013432494241,1.1729220572689687
0.9925318487252832,-0.796385190579811,0.3493498826734151,2.259205774351393
2.063775272785712,0.19906430266806985,-2.2763059948145417,0.7164198616675002
-1.5497994563281596,1.4320438025861923,-1.0113715083702859,1.3166133785122585
0.5962455612488623,-0.10176972658582362,-1.093112254008739,-1.1882120130254286
-0.015367567977029458,-1.311826961898862,1.3006034619764297,-0.41614492576250983
0.31822623948689105,-1.0649344983618256,-0.38558191389291835,-0.3669760917823179
0.9508593169451257,-0.2677423925668749,0.9566823590504756,-0.9693270201329962
0.16284481901652992,-1.204886295326955,0.9526499231758085,-1.679192767894805
1.3884653449198037,-0.34363118501740075,-0.31314957171967095,-0.5873263160445009
-0.0576256018607893,-0.6843752486822756,-0.5844926685309002,2.3383239903647763
-1.2252302192551572,0.07837374648374872,-0.9841820156543442,-0.335652238096322
-0.16143133531425222,-0.12756631060154788,-1.7131526981546805,0.6797032219595344
-0.4910960092963896,-1.1665004080237056,2.3306994915154626,-0.1781861683629647
-0.15678874174094226,-1.7858320889758064,0.7320402603126415,-0.9260194633286003
0.09861148422148407,1.6536906425176392,-2.0915541755417233,0.28930747366765425
1.0562659162092451,-1.0678133293121144,0.7725584330530456,0.1528472217350985
-0.7379860980242027,-0.7787849152572646,0.7215431185317482,0.35529424603793114
-0.34865707529823087,-0.5124549721526378,-1.7638762289154233,0.03665817268599719
-1.0756368220840806,0.6298704424321928,0.18323543825804553,1.3923789740465193
-2.2410990371004447,1.245721622815059,-0.2118463796158869,0.20922711188191276
-1.4597668103494463,-0.47279503454358696,0.5863903166798384,-2.748684933374295
-1.9367408612691683,-1.2855445483271013,-0.26284181816346364,-0.4606699374153095
-0.5269047684436489,-0.08786051881805967,-0.2020985820778418,0.9170986699710731
0.9815378715659161,0.28066635221588937,-0.5727574947203546,-0.5203928667191506
-0.7767007686113914,-0.9883531139201751,0.5371972210748792,0.1324934141906894
0.3614337472977635,1.3485495265971044,-0.7426978137588134,1.130579828618748
0.48266656720768575,-0.051903199168851985,0.747073447510518,0.6822955629762978
-0.7285083329201018,-0.5469047239418707,0.10096314104329888,0.13939744264657944
0.09666598101208818,-0.33018909433587434,0.7283677646084238,0.3280720075314651
2.5311272366421633,0.43763553274875044,-0.9525217472617354,0.792203070546442
0.1253088928095014,-1.0243134076446676,1.1408858951305496,0.1132786987107283
0.20678151438060854,-1.4600940740179404,-1.5235544202276494,-0.590572018030139
-0.32406385348285477,0.13226152497941926,0.09787826058976296,1.244456175208045
-0.048533821179222295,-1.091849453808643,-0.7382960334037566,0.11588116226373386
0.016252830312976804,-1.2430784619218034,-1.9691722995103367,-1.1413603349338417
0.4055576140366827,-0.5211551292970288,-0.8132802017716331,-0.46141263005713756
1.15966780379492,-0.30767011519804655,0.6691473877881162,0.3973552879173875
0.6125365827812174,1.3811552373378864,-0.04254053571475972,1.1821246486477783
0.1530359221393754,0.07579833333213934,0.6156510840389797,-1.9922912049354595
0.9630437170419343,0.1024693851693013,0.3593996621119971,0.3557865185482621
-0.7993663626245753,1.1208950219301512,-0.26184357084370713,-0.47413793598769094
-0.11202089312916556,-0.2851756023758411,-0.13642943233341093,1.285627773359464
0.7535858751808515,0.05341035269711309,-0.35539283103011404,0.7907307697048581
1.2747937136378777,0.23361877403971973,-1.3160046429093544,1.3960824019405373
0.33669950236860285,0.6048802908788523,0.6753174669820958,-0.060328644603899126
1.8019531771317367,-0.3350986613229383,-0.7541137334230176,0.6506906828414714
0.36540107111924697,1.367212535660611,-0.10565435390550963,-0.0018599061563711434
0.31680163970455794,-0.5125418782755122,-0.05273582044805178,-0.45722487979867915
2.452834573664529,-1.0509422158927735,-0.17207822507546544,0.8530490127656364
-0.3562632746203117,-0.38700172157463597,0.8816005866500718,1.0672878739645202
1.0796880151051602,1.6423393752271187,-0.10367168443450188,-0.8829492929536481
-0.19735729158792106,1.3366484818482312,0.9267818533358974,-0.5271026119756106
0.6337634429823013,0.15398781814117757,-0.5277544840095193,0.815103800467733
-0.6778700339240078,-1.4665964122482023,0.9571444129589753,0.37734225302996866
-0.3832410066350719,1.1019720222943339,1.2210575241938038,-0.32648132066915514
0.7500077268751284,0.6040715635595457,1.0890853879449394,0.2512315023405171
-1.4519848979486558,1.653126316030036,-0.4785087933545026,-0.010663179763010617
-1.0608810132403288,-1.502869733070668,-1.9462668588980885,1.01359178464434
0.03733313411912109,0.13330384395503483,-1.2931224871227178,-0.322541586253165
-0.7829602592250675,-0.3033402604194194,0.08998717820454466,0.2922910090138879
1.1777061455316273,0.882754836898161,1.1507653886436107,-0.9971738317081688
0.04648638023046292,-0.6104413530753868,-0.39498189004096507,1.1999151773463341
-0.451814413755502,-0.15538511908407254,-0.15351406955287328,0.01119376017989183
-0.05055466673769668,0.42021107329768087,1.1909814407765051,1.5614880332390342
-1.1329250043241896,0.09708263152959945,-1.031573144885734,-0.04461797703286819
-0.21815283308241012,0.7729416632662354,-0.7286431943923982,0.21552291901881568
-2.05673665235041,-1.2487327537206654,1.2669701965984943,0.7220446152956956
-0.9545671016004752,0.9432331336911345,1.192701601226202,1.035828449091588
1.0314354028044945,0.1796417439812958,-0.6251595065154139,1.7541174191378182
0.6650972257966772,0.9960538865236556,1.2540511669530716,-0.07155616685620214
1.1402043832276525,-0.13939679162355254,0.1301482761782539,0.6734287459813283
-0.4391941890449245,-0.4501054162678815,1.5435884804265363,-0.17492538151902795
-1.7669673910726946,1.3951910408121335,-0.7128564778014366,0.620954851992701
-0.4905513388650285,-1.416465325006307,0.23258802611110638,2.1623698819849553
-0.7037355943048174,-0.7037282723214812,0.8116389701824033,0.6842448168411045
-1.338430901076951,1.8807099140765142,1.3281412722409194,-0.3486906608193305
-0.5531223353426655,0.5023856377594976,1.5441675613277273,-0.5742642810223328
0.8905454825984342,-0.9756746440945926,0.9368669780845279,0.04127572149755457
-0.4658269007788294,-0.4551793759842858,1.0001525029337877,-0.7214951051674037
-0.2212191362418094,2.2213069023782968,-0.32533837477004607,-0.7586429191495451
-1.8349404743779678,-1.10770333073232,0.9623258912277005,-0.30081637513126436
1.3017067669567675,1.0357362040831302,0.4781743782018038,-0.1841364721486404
-1.3745423197252553,0.32738128941860467,-0.9444503165822671,-1.6702711457967991
0.3246270688543233,1.0325490358639824,1.0540853566412463,-1.2777458006442186
0.6445936334076035,0.8067980631172299,-0.5044520956970854,-1.2270752104622926
-0.023790087176196115,-0.948999590908548,-1.5876476999770255,1.002616037136644
-1.8710162109100468,1.0767917890634877,-0.5882053964963148,-0.33851571957198806
-0.23627361520383888,-1.4276181807905628,-1.4955390535601343,-1.2907226928944686
-0.3940852224886396,-0.9506568607250244,0.6195358235859302,-0.19789684592453927
-1.523323691661353,-0.8005462103167738,-0.3997063650380006,-1.0523505857691884
0.2256475082317811,1.0549460170753233,0.2155292033787227,0.1058930713729588
-0.7940479384354077,0.32527451175231137,0.3486011969183358,0.4908806927482054
-0.03898818185457913,0.7839084535089189,0.6913585432280859,0.1813088953372716
-1.5614481512282217,0.13585649043480796,0.3406527112201585,0.32532549183614373
1.0684110741608188,2.6116781725224905,0.5330611076767136,-0.3155016692560057
-1.0668770256513362,1.497666853696071,-0.5266091950710867,-1.1928406226498531
-1.7081856561187765,0.6556610948150386,-0.7934689956482422,0.0867536353570441
-0.11129263104268788,0.8715626469188257,-1.2388839811847925,0.7697276066435418
-1.473727212567176,-0.7379010946591664,0.3853614147300258,-2.4910748193531913
-1.2245796757600713,1.523137931450094,-0.269606793669429,-0.8795998220486589
0.6380331816262268,-0.7947859742524176,-0.5958320800977104,0.14004238025605673
-0.39420530684317,-0.46999489774355147,0.622993779771104,0.4445191616595524
1.037081725266114,-0.8141065611376613,-1.8753225719189848,0.2892782895659931
-0.12740105555523776,1.3038188421041164,0.1982113241983809,-0.5184653253820292
0.23300436437516386,-0.10156552702894274,-0.08492810564146736,-0.1060598254463073
-0.058242479321976244,1.3852322956840901,1.5288703023462726,0.4209085441829697
-0.0722321680432805,0.5823173515522782,-0.6580895971824209,-0.20743365159004545
3.5258650506754305,0.2830702344399171,0.5446349394126369,0.46220446496891593
-0.5690943504167166,-0.9984141898371689,1.9174803403347402,2.5290292170041333
0.555623039383089,-0.2014220715223489,0.22375342764404346,-0.4258511183714021
0.07821229417535308,-0.27440352884127234,-0.26073712065031984,-1.2678626304201124
-0.1346947067339429,-0.5172313764286319,-0.34039421577275153,1.0892284376032682
0.12935722768748767,1.022361869828974,-0.4439318526383694,-0.6546351384183935
0.347305750034601,-1.1347273697339741,0.23754850714214168,-0.6679465957772045
2.6678639399598327,0.7367950621901532,-2.6658314807188885,-0.09799649708432322
1.1964658871463156,-0.12179350172482714,0.3794376488319102,1.3192524567523736
1.5537508063633072,0.948418783869948,0.8486563446726254,0.6424919086574411
-0.9968158532495732,0.4279094839978426,0.6221805423906956,-1.9039168249145606
0.8374101346280389,0.9165678966419868,-0.4761671602290101,0.5023659981029798
0.4892610110926164,0.19522601985255036,0.4403013591922807,-0.7498581000225781
0.2374103559632798,0.9406863766050265,-1.4507989001907373,0.7207903180858322
-1.721968791185674,1.3219756504470757,0.8593635031379872,-0.34105427721047904
0.38680967830464186,-0.3506024408635887,-0.7516690149336396,-0.29994557754276946
0.23606290377227904,-0.7307466546698301,-0.39328596347857275,-0.6718392715670177
-0.4248800265259014,-1.1292885209624826,-0.9659770805874897,0.8949613058558576
1.3878287251324561,-0.7010502417793854,-0.12427764941136094,-0.20618508761515744
-0.978427028515845,-0.3460857280369808,-1.9047734314561935,0.7243820520433258
-0.4507213574007613,-0.0803317308845933,0.5999474581664239,-3.645860236832141
0.2554745240699014,-0.549574068544235,-1.9074589582528365,0.43567794022121537
0.6791108801751453,-0.9875489754640336,1.0672219226963038,-1.722366953414292
0.6125221255541662,-1.745059076956548,-0.5836268856486975,-1.0022714729908282
0.46422072603673675,0.012422179064100782,1.6469392145907822,-0.07786516334942899
1.4413665445442103,1.171467820369858,0.5765710675190839,0.21477311281664307
-1.8437066824470045,0.17227793673262648,1.3483491208139482,-1.3445372042902988
-0.8874271967146041,-1.3756255394839354,0.005749109932528709,2.3553160315306476
2.1991175635608577,-0.7198218863311233,-1.0819903523865113,-1.8944814615236902
-0.16404929818660569,-0.12518471684865085,0.04415187761806745,0.9180180614086586
1.5781901830531417,-0.1598259423224682,0.28725418240095624,-0.9615114950540397
0.1260014240323968,0.39050781232589715,1.0519396606773705,1.5372833175641165
-0.02376820103204156,1.2663601578051802,0.23065964533769365,0.009042610336175719
-0.4174008962879075,2.0448133217271858,1.236444805682349,1.682626463659257
0.8594269252706765,1.0010136617614287,0.36910489027359283,1.2091195567978326
1.0123828505531118,0.10030626517042725,1.0174344014699146,-1.0910874473840175
0.6706962398084297,0.6921600443829473,0.36505450325685135,1.5563050783664985
0.5637573263037573,0.24311877240847155,0.4644512353425453,0.38712894853467233
-0.32908870933006146,-0.04859803973132324,0.585980342238897,0.12856656269144062
1.4045027344914316,-0.7627078567042747,-0.43785015042645914,0.12261332131927549
0.5396678129433802,-0.6963676395339984,1.3125147877326118,-1.2575547541737748
1.3271482664932317,-0.48130314097226445,-0.25392500442197485,-0.28126146755414283
-0.6235055069249594,0.11678149589764865,-0.021992750111429957,-0.6788160218042779
-0.36383176813006024,-1.1586329594335316,0.41791455630721347,0.20515285614410025
1.5827647507511524,-0.1631920126894309,0.6187741092330752,0.39556606767595903
-1.2292594827528873,0.7504351612778161,0.19987252940724515,-0.6348857690798213
-0.040790265068223495,1.495404728954202,-0.6986534310775542,0.5810515354391459
-0.5492410232160594,-0.20534866382278766,0.3166094832631389,0.013547984334163071
1.7696813589847178,-1.5533601723900328,0.03030970931141179,-0.44156241592509365
1.562473258982678,0.030455386132255458,-0.7002762753116464,-0.0015809253594434264
-0.13418382343805652,-0.3395717478905955,-1.0048621983325887,0.9332107742797064
0.18213979943703654,-0.04067185698553083,0.1513901649818842,1.1858490029487871
0.2747619737042948,-0.20349002665681368,0.5892354600268099,-0.2860523369264601
-0.5175701889866469,0.6105586904394436,0.8530882173541678,0.39179106759779264
-2.9708218830707165,0.699021335116614,0.27982478623661455,-0.121954406074871
0.23884484977192788,0.7924288217517861,-0.11411190415352977,0.0933645737918412
0.3535895042846862,-0.1885164134649964,-0.32795391925521755,0.020768950737611258
0.17350410034315628,0.38422153210631294,-0.43912552861474813,-0.8070926020302149
-0.36201010568955144,1.1955849763956519,-1.0633734181679708,2.1749948029106467
1.3343142081614747,1.5715950970258445,0.30389789762272135,-0.3669662614063643
0.8476268739261131,-0.12959293816357664,0.4723859594869024,-0.044917034577510076
0.7575338738222236,-0.7588769192297191,0.24697857285615915,-0.6914086007291129
0.23986611188250245,-0.2092583915483916,2.3095851104330234,1.0785184639265653
-0.8128521327349747,-0.019433182629947938,0.6561419661642326,-0.09261857369285686
0.607351450035245,-1.1350138807842411,-2.0334985017689085,0.027772476323486374
-0.617155447244295,-0.7737586959256952,0.43556028210081454,-0.5653752885934316
-0.9550786029360444,0.4297955778415544,0.7593066908654362,1.2427828251385384
-1.7551673123534661,0.27603920755950223,0.30134296608327893,1.197849973437042
-1.2242153891191987,0.6535436166134256,-0.11015623447749243,-0.22567354160510972
-0.9031978797630669,1.071802482834874,-0.4573026282628364,0.1764314797584526
-0.1154607764450388,-0.12377558201106362,1.1862875914481605,-0.5864728465524385
0.08791730586425651,0.131384060855406,0.838718838468044,0.05599203100510661
-0.5177598103902828,-0.2507573181051549,0.2692522552091414,-0.0071098879398955395
-0.17872545908596085,-1.9942155614039787,1.6330169942607529,-1.3065570156857096
-0.7900544241691944,-0.7244279525294611,-1.3344575296715473,-1.4867101088226735
-0.6814400538822335,0.4057498062307863,0.624621889310936,1.0987259339087123
-0.688897177712278,-1.471737301266461,-0.11997761871426105,-0.08423643847375496
-0.5263168767551152,-0.9719460229937895,-1.7262907145101456,0.0939828581732492
-0.14350168021081394,-0.9110189906550827,-0.94160622026723,1.4505081361856338
0.7248189166761027,0.22346588043936258,0.6361860106035087,0.47565065154967523
0.29435923259165075,0.39170907457643517,0.6178968452690171,-1.6248058683457705
-0.46034061417297684,-0.7000430859324311,0.04671579799483168,-1.4439411472175672
-0.8850194111892706,0.1791788854301065,-0.4357949675608298,1.6091519033901835
-0.3540344238487392,-1.1066485195843923,-0.4599515279605379,-0.2999792832391302
-0.03722152446829381,-0.1586729229567157,-0.9157076384744494,0.2764816614508075
-0.3233356869580468,1.8830162073676158,0.233545338358981,0.17605743795105508
1.2770732009588632,1.4639900467950175,-0.26811469176258024,-1.6601654870894087
1.0413517088501512,0.08430019990253328,0.39532338430081065,1.2642791132927658
-0.9374147365827032,-1.6561573257957802,-1.9039254598953463,-1.5141431234510911
1.2509344588032028,1.5339138801717653,-0.2938744968546182,0.33926634660739996
0.6934205598307033,-0.19188067748487345,-0.6891092108560808,-2.3595025756513645e-05
-0.31204429000767425,-0.9945737375109315,0.8679231690383968,0.5286729414044211
-0.12949058671420333,1.211507555348926,-0.3879978952447444,-0.9914402276114984
-2.07916384569179,-2.2064480407125537,-0.2944662677845963,-0.571104459657704
-1.0215132122351342,0.145116627858053,-2.122786543991997,0.8264909128222292
-0.46652266491469313,-1.263181141483728,-0.5057615052766599,-1.6468408091659068
1.3490697997949346,0.19088247811089282,-0.47246896747289957,1.2435614345298778
-0.44389657113923264,0.9013074904080653,0.34221141070929106,0.5365403664065316
-1.3469668794658256,0.14363165585043283,-1.026630638170676,1.0753668756905443
-0.05311843395090557,0.07164715514261774,0.06411667033946732,-0.5787893021669754
-1.009744380564341,-2.020492361399567,-0.9842036277240543,-0.6528239222857873
0.009975653688952483,1.3771269293606125,-0.07439107061512375,-2.0912881630987914
-0.44438025403943177,1.0858783104950283,-0.3979995652830483,-0.8661946348716748
-0.19562968803236022,2.482285732181581,1.5901484201194407,-0.8204099446114973
-0.9715803132378003,-0.3968658752825257,2.142110966997403,0.3100333131850612
0.03631508920720276,0.2462314552446778,-0.3748226356025936,0.34243624073469936
1.3422574486880312,0.05485595054890588,1.5956955779862483,-1.1631817925729446
-1.271716067671941,0.6533392971855027,-1.101360754939941,-0.014156241939452089
0.8668221024002103,1.8549220163236313,-1.103723682603479,0.39091325487410256
-1.0559056268855234,0.005182309652103056,1.6552790980420113,-1.474708165729432
-1.8966731507684103,0.6683969575960597,-0.16508881283264262,-0.4145656501713135
0.019620438275031415,-1.5126904210251746,1.3493004812197895,0.8692422134161992
0.7444576956454751,0.7123901634866577,0.32797650813506746,-0.38408873626142076
0.6563563788531264,-0.6998373572707509,0.6300021447395682,-0.608901569638876
2.1505341094122348,-1.0183234166780133,-0.46946177877771517,0.37268178242188993
-1.0470918657940094,-0.7779418085906418,-2.0057575962110574,-0.14537909291904258
-1.8983991238933364,0.8928538063546514,1.1752546389012344,-1.0207248426024025
0.35641880183011154,0.45083170489570157,0.2144200331523987,-0.5080207270203152
1.004847276867076,1.4163116711537858,-0.9386088048990686,0.013384928456761576
0.6881907372089232,1.4226108951585084,1.0090715302656323,-1.6558697924438883
0.5486046229670255,0.7054425429297714,-0.2266072220015034,1.7067838805890303
-1.0885475420704833,0.8715874696621699,-0.8186100313017121,-1.5588566737935068
1.3507648448056746,-0.2848408165832984,-0.8343559209810536,1.0639990093604808
-0.5134563033196251,0.7202060957317669,-0.4653343720778825,2.0901391411800336
0.21604979401226687,-0.09680511184464288,-1.039773557332804,-0.40844165915028036
1.0070644123132741,-1.1637204517665327,1.3699480403894317,-1.1240564608117707
-0.5745115768421886,-0.5276679568735925,0.6037930210850649,-1.1755707796670405
-1.0040640867889752,-2.1214821160401462,0.853515768367161,0.7065288303829326
-0.004959498779944661,-0.9877191468847497,0.6022714175536069,0.3425389062886209
1.9552698334989451,0.1753606410247005,-0.9092204693178002,0.32633318161858826
0.14112374475446057,-1.3159351639286383,0.9707810228661556,0.037309667716047476
1.052239684590909,-0.2806988332459863,-0.6943712749389169,0.8619556021771445
-0.03902029436297456,-0.5594064115646047,-1.4386145034354147,0.27940242860486253
-0.6419718411639698,-0.597870834916655,0.8236590391616425,-0.23814799642319942
0.000912619562679149,-0.8955914907731659,-0.13269355824133855,-0.9896603112418538
1.958860336933565,0.9247115724538414,1.6501803263251473,0.21003482052274322
-0.9671301988356241,-0.9099108537743211,0.1547717936319868,0.8642339816875432
-0.8114034861797332,0.0761977529080199,-0.6874601621975468,-0.6182511923616242
-1.794555613489852,1.1155686501380793,-1.8787453318251717,1.0197326550776349
1.1830895424730827,-1.3520832258057534,0.7166510794165213,-0.43895409877294156
-0.010290594669965512,-0.13414267147996412,0.12765454690225164,-2.787893055633897
0.8462230003840957,0.11566396145833947,-0.41809931407325557,-0.392211251724978
0.6004792531794491,-0.3970823998568118,-1.3982479921942799,-0.6612568044123617
1.1349677195959915,0.060153783011288015,-0.6304412419375927,-2.3032027942296263
1.1359531909336384,0.0394811386608524,1.4926343101224426,0.21962791398973122
-2.433629143432306,-0.07187116899398584,-1.438643145612517,-0.9630535876397517
0.6899892600689157,-1.173535630762555,0.5367544374535085,0.7459698874880096
-0.1690021710050774,-0.5853039150703344,-0.7931873902989685,0.2406902848033539
-0.14970656870176527,-0.6083040591809549,0.746631151243886,0.2600029737986982
-1.5566929567224042,1.1472496770445404,0.7554228306093398,0.10106250292116661
-1.417111253189617,-0.8579991096549083,-0.7475563718791647,-0.27641756168816534
-0.5261528927180207,-1.1049197177569343,0.20517706713700046,-0.6584153451739935
-1.671508446329936,-0.6483689572772428,-2.0421612009500714,1.1722808961677529
-0.6612431834664633,1.4279504817775104,-1.3756450165445049,0.14629008467249546
-0.9356923762839415,-1.4469385046889138,1.3240862630061347,1.8581539293627491
0.24489772180686006,0.34558306928859,-0.19857689961225636,-1.090816508253369
0.36286197737965054,-0.9384373492612353,-1.6258485580657187,-0.13171086411801192
0.6338076517149761,-0.7009653654220598,0.7629772350173163,1.8774929576383659
1.472190345178776,0.9093701420401739,0.5990073700781803,1.2212893369005335
-0.961044989395975,-1.3145469226657753,1.0503953869498197,-0.9624943783704105
0.5734607333718945,-1.8350223966451915,-0.11950005890068621,0.5636691939176475
-0.7294665024680794,0.17489753063087413,-0.36594283823583035,0.4089447776556106
0.8229362763498009,-1.0139904463113842,0.1688015126481857,0.1977242175641306
-0.3872274277405411,-0.49171568704633783,0.31749669594015234,-0.9032956392903686
0.8039065349908142,-1.0030248639428279,-1.2219212048175563,-1.3011238238895864
0.4885364334290133,0.30594957793952676,1.068225367812458,0.8744910328283305
-0.3230404545328115,0.9903467898547158,1.0470320565169442,0.33927186367486256
-0.4554355024429519,-0.43035513213359006,0.16919269555035182,0.6335932779150629
-1.1977973404288196,0.37717853761335507,-1.1367905808420544,-0.24832991852193384
1.0945496764949871,1.4470491176890916,-0.2879163524635621,-1.0579457560452108
-1.6966984493760184,0.6378140016728684,-0.7165685909186226,0.033700650186555124
2.0196096032573188,0.8590434221118608,-0.7548967222783567,0.6454732356523567
1.092381048817533,-0.605414457598446,-2.52535816918004,-1.0313644106357183
0.41799596161492336,-0.9936917120073705,0.8853293088925002,1.0548914010243597
0.06800891337814934,-0.8353901586591501,0.2251707078386094,-0.8508534196378305
-1.480273447685717,-1.0224018298856468,-2.338269783597188,0.9687804699486677
-0.4174262846422882,-0.5013772907299955,-0.8682023284897612,-0.15078559316514759
1.5028252313690824,-0.5391272956835346,1.0448476912049212,0.5377426737584357
-0.6754215594604618,-0.979349682513625,0.5073285843571738,1.0461579551076814
2.0410028407556666,-0.40645966273827333,-0.2124184314866735,0.7002659203399089
-1.114786750934373,-0.21951546533905272,0.6433154417945474,0.8718991610999959
-0.7488150671835773,-1.2020650757538502,1.6350821226083205,-0.16148635032003988
0.22513018081590266,-0.2575972006680342,-1.2794525509478722,-0.07963649706172081
1.0662777550040385,-0.8996371797380358,-0.5581915496032791,-1.380681196679317
0.6519408776233828,-0.18475009094271838,-0.9983459276862435,-0.26088333040699707
1.095829443657824,0.7231348602622045,1.3230960083437115,-2.3654309114017416
0.23443394610032556,-0.8836933221223846,-1.3714678913860445,-0.19966922920090616
0.04465541296109346,-1.0116786028333433,0.13438089452180382,1.5472910796113348
0.5484241676094533,-0.2845806266437863,2.0524625630596978,1.2418325598112137
-0.1673346180159863,0.6636451212891499,-2.83977545498851,-0.44741712917608545
0.3295779158431294,-0.11207550213065895,-0.24219597165527987,-1.6211490112863267
-0.08645520231660238,-1.314279654059855,-1.50204026619081,-0.16871154746398784
0.0633628567613456,0.8688074733514062,1.111079265908507,-0.2963801486234279
1.1170060240499107,0.2366204960098246,0.4356241689641864,-0.46694621913115164
-0.14656933324451052,0.373110304426241,-0.25071202620096406,-1.267282269399224
0.7009310464279218,-0.25405341208287646,0.6397924656478624,-0.4094089225966914
-0.7551871151355581,1.347006509884984,0.8472662635569999,-0.13047301233431735
-2.0960461368568724,-0.7016579092274255,-0.19595393530915475,1.1536822931029387
0.5575173933225287,0.9285417406050356,-0.9001047471135828,1.5578917034028315
-0.5765449072108626,-0.1397356685081091,0.4466662380994822,0.6851981315242704
-0.6933813895434688,-0.4863714445329284,-1.3688037587390902,-0.7671064361230016
-0.005261113905045715,0.30822176403549023,-0.5221625559104474,0.17505627537708995
-1.0294439079986557,2.2381962238630027,-0.9285197253128484,-0.5878420332055713
1.4293609179496314,-2.1734094512692996,0.34990098498179273,0.863522192522478
0.5117958840509929,1.7619810355732306,-0.6812783099746932,0.5919516445752436
0.4909437837653421,-0.6999398616442651,-0.5871111138851423,1.4802211604594189
-0.1251028638288179,-1.033043349317349,2.445124976393674,-0.021998042235187084
